[
  {
    "name": "ISO100 Salted Caramel",
    "description": "Don’t just beat your personal best, smash right through it with the easy-digesting, fast-absorbing power of ISO100. Made with hydrolyzed protein, ISO100 is the hardest-working, highest-performing protein in our lineup.",
    "price": "غير متوفر"
  },
  {
    "name": "ISO100 Dunkin’™ Glazed Donut",
    "description": "Don’t just beat your personal best, smash right through it with the easy-digesting, fast-absorbing power of ISO100. Made with hydrolyzed protein, ISO100 is the hardest-working, highest-performing protein in our lineup.",
    "price": "غير متوفر"
  },
  {
    "name": "ISO100 Fruity Pebbles™",
    "description": "Don’t just beat your personal best, smash right through it with the easy-digesting, fast-absorbing power of ISO100. Made with hydrolyzed protein, ISO100 is the hardest-working, highest-performing protein in our lineup.",
    "price": "غير متوفر"
  },
  {
    "name": "ISO100 Cocoa Pebbles™",
    "description": "Don’t just beat your personal best, smash right through it with the easy-digesting, fast-absorbing power of ISO100. Made with hydrolyzed protein, ISO100 is the hardest-working, highest-performing protein in our lineup.",
    "price": "غير متوفر"
  },
  {
    "name": "ISO100 Pebbles™ Birthday Cake",
    "description": "Don’t just beat your personal best, smash right through it with the easy-digesting, fast-absorbing power of ISO100. Made with hydrolyzed protein, ISO100 is the hardest-working, highest-performing protein in our lineup.",
    "price": "غير متوفر"
  },
  {
    "name": "ISO100 Gourmet Chocolate",
    "description": "Don’t just beat your personal best, smash right through it with the easy-digesting, fast-absorbing power of ISO100. Made with hydrolyzed protein, ISO100 is the hardest-working, highest-performing protein in our lineup.",
    "price": "غير متوفر"
  },
  {
    "name": "ISO100 Gourmet Vanilla",
    "description": "Don’t just beat your personal best, smash right through it with the easy-digesting, fast-absorbing power of ISO100. Made with hydrolyzed protein, ISO100 is the hardest-working, highest-performing protein in our lineup.",
    "price": "غير متوفر"
  },
  {
    "name": "ISO100 Cookies & Cream",
    "description": "Don’t just beat your personal best, smash right through it with the easy-digesting, fast-absorbing power of ISO100. Made with hydrolyzed protein, ISO100 is the hardest-working, highest-performing protein in our lineup.",
    "price": "غير متوفر"
  },
  {
    "name": "ISO100 Chocolate Peanut Butter",
    "description": "Don’t just beat your personal best, smash right through it with the easy-digesting, fast-absorbing power of ISO100. Made with hydrolyzed protein, ISO100 is the hardest-working, highest-performing protein in our lineup.",
    "price": "غير متوفر"
  },
  {
    "name": "ISO100 Fudge Brownie",
    "description": "Don’t just beat your personal best, smash right through it with the easy-digesting, fast-absorbing power of ISO100. Made with hydrolyzed protein, ISO100 is the hardest-working, highest-performing protein in our lineup.",
    "price": "غير متوفر"
  },
  {
    "name": "ISO100 Strawberry",
    "description": "Don’t just beat your personal best, smash right through it with the easy-digesting, fast-absorbing power of ISO100. Made with hydrolyzed protein, ISO100 is the hardest-working, highest-performing protein in our lineup.",
    "price": "غير متوفر"
  },
  {
    "name": "ISO100 Dunkin’™ Cappuccino",
    "description": "Don’t just beat your personal best, smash right through it with the easy-digesting, fast-absorbing power of ISO100. Made with hydrolyzed protein, ISO100 is the hardest-working, highest-performing protein in our lineup.",
    "price": "غير متوفر"
  },
  {
    "name": "ISO100 Dunkin’™ Mocha Latte",
    "description": "Don’t just beat your personal best, smash right through it with the easy-digesting, fast-absorbing power of ISO100. Made with hydrolyzed protein, ISO100 is the hardest-working, highest-performing protein in our lineup.",
    "price": "غير متوفر"
  },
  {
    "name": "ISO100 Cinnamon Cereal",
    "description": "Don’t just beat your personal best, smash right through it with the easy-digesting, fast-absorbing power of ISO100. Made with hydrolyzed protein, ISO100 is the hardest-working, highest-performing protein in our lineup.",
    "price": "غير متوفر"
  },
  {
    "name": "Elite 100% Whey Rich Chocolate",
    "description": "Finally, a protein that matches your effort. Packed with high-quality whey protein concentrate, Elite 100% Whey Protein Power quickly feeds your muscle before rigorous workouts, after strenuous workouts – or any time you need a boost.",
    "price": "غير متوفر"
  },
  {
    "name": "Elite 100% Whey Gourmet Vanilla",
    "description": "Finally, a protein that matches your effort. Packed with high-quality whey protein concentrate, Elite 100% Whey Protein Power quickly feeds your muscle before rigorous workouts, after strenuous workouts – or any time you need a boost.",
    "price": "غير متوفر"
  },
  {
    "name": "Elite 100% Whey Cookies & Cream",
    "description": "Finally, a protein that matches your effort. Packed with high-quality whey protein concentrate, Elite 100% Whey Protein Power quickly feeds your muscle before rigorous workouts, after strenuous workouts – or any time you need a boost.",
    "price": "غير متوفر"
  },
  {
    "name": "Elite Casein Cinnamon Bun",
    "description": "Make every move count. If your goal is to build muscle or avoid muscle protein breakdown in between meals or during sleep, slower-absorbing Elite Casein is your powerful protein partner.",
    "price": "غير متوفر"
  },
  {
    "name": "Elite Casein Smooth Vanilla",
    "description": "Make every move count. If your goal is to build muscle or avoid muscle protein breakdown in between meals or during sleep, slower-absorbing Elite Casein is your powerful protein partner.",
    "price": "غير متوفر"
  },
  {
    "name": "Elite Casein Cookies & Cream",
    "description": "Make every move count. If your goal is to build muscle or avoid muscle protein breakdown in between meals or during sleep, slower-absorbing Elite Casein is your powerful protein partner.",
    "price": "غير متوفر"
  },
  {
    "name": "Elite Casein Rich Chocolate",
    "description": "Make every move count. If your goal is to build muscle or avoid muscle protein breakdown in between meals or during sleep, slower-absorbing Elite Casein is your powerful protein partner.",
    "price": "غير متوفر"
  },
  {
    "name": "Performance Protein Shake Fruity Pebbles",
    "description": "We’ve done the mixing and measuring for you. With 30g of high-quality protein and no added sugar, Dymatize Performance Protein Shake is ready whenever, wherever you are.",
    "price": "غير متوفر"
  },
  {
    "name": "Performance Protein Shake Cocoa Pebbles",
    "description": "We’ve done the mixing and measuring for you. With 30g of high-quality protein and no added sugar, Dymatize Performance Protein Shake is ready whenever, wherever you are.",
    "price": "غير متوفر"
  },
  {
    "name": "Super Mass Gainer Gourmet Vanilla",
    "description": "With 52g of high-quality protein packed into each serving, Super Mass Gainer didn’t come to play. It’s engineered to fuel you up for any challenge your body meets, and deliver all the gains for your body post-workout.",
    "price": "غير متوفر"
  },
  {
    "name": "Super Mass Gainer Rich Chocolate",
    "description": "With 52g of high-quality protein packed into each serving, Super Mass Gainer didn’t come to play. It’s engineered to fuel you up for any challenge your body meets, and deliver all the gains for your body post-workout.",
    "price": "غير متوفر"
  },
  {
    "name": "Super Mass Gainer Fruity Pebbles™",
    "description": "With 52g of high-quality protein packed into each serving, Super Mass Gainer didn’t come to play. It’s engineered to fuel you up for any challenge your body meets, and deliver all the gains for your body post-workout.",
    "price": "غير متوفر"
  },
  {
    "name": "Energyze Pre-Workout Strawberry Lemonade",
    "description": "Unleash the power of sustained energy. With 150mg of caffeine, 5g of BCAAs and no sugar, Energyze Pre-Workout is formulated to help you last.",
    "price": "غير متوفر"
  },
  {
    "name": "Energyze Pre-Workout Peach Mango",
    "description": "Unleash the power of sustained energy. With 150mg of caffeine, 5g of BCAAs and no sugar, Energyze Pre-Workout is formulated to help you last.",
    "price": "غير متوفر"
  },
  {
    "name": "Energyze Pre-Workout Lemon Lime",
    "description": "Unleash the power of sustained energy. With 150mg of caffeine, 5g of BCAAs and no sugar, Energyze Pre-Workout is formulated to help you last.",
    "price": "غير متوفر"
  },
  {
    "name": "CREATINE PEPTIDE 447",
    "category": "Creatine",
    "description": "يزيد من القوة، يبني العضلات، غير منكه.",
    "price": "$59.99"
  },
  {
    "name": "PEPTIDE 185",
    "category": "Creatine",
    "description": "تركيبة حصرية، تعزز إصلاح العضلات واستعادتها، 84 كبسولة.",
    "price": "$79.99"
  },
  {
    "name": "Clear Muscle",
    "category": "Creatine",
    "description": "يعزز القوة، يسرع الاستشفاء، سوفت جيل سائل.",
    "price": "من $24.99"
  },
  {
    "name": "Platinum 100% Creatine",
    "category": "Creatine",
    "description": "80 حصة، 5 جرام كرياتين، يزيد من قوة العضلات، نقي للغاية.",
    "price": "$27.99"
  },
  {
    "name": "Nitro-Tech",
    "category": "Protein",
    "description": "22 حصة، 30 جرام بروتين، 3 جرام كرياتين، يبني العضلات. النكهات: Milk Chocolate, Vanilla Cream, Strawberry, Cookies & Cream.",
    "price": "غير متوفر"
  },
  {
    "name": "IsoWhey",
    "category": "Protein",
    "description": "غير متوفر",
    "price": "غير متوفر"
  },
  {
    "name": "EuphoriQ Pre-Workout v2",
    "category": "Pre-Workout",
    "description": "20 حصة، طاقة فائقة، يزيد من نمو العضلات. النكهات: Boogieman Punch, Grape Gainz, Strawberry Kiwi, Rocket Pop.",
    "price": "غير متوفر"
  },
  {
    "name": "Recovery Peptide 144",
    "category": "Post-Workout",
    "description": "يحسن القوة، يسرع الاستشفاء، 30 حصة.",
    "price": "$49.99"
  },
  {
    "name": "Platinum 100% EAA+",
    "category": "Post-Workout",
    "description": "30 حصة، 7.4 جرام EAA، 4.5 جرام BCAA، تخليق البروتين. النكهات: Fruit Punch, Grape.",
    "price": "غير متوفر"
  },
  {
    "name": "Nitro-Tech Ripped",
    "category": "Mass Gainer",
    "description": "غير متوفر",
    "price": "غير متوفر"
  },
  {
    "name": "Peptides Bundle",
    "category": "Bundles",
    "description": "غير متوفر",
    "price": "غير متوفر"
  },
  {
    "name": "Creatine Chews",
    "category": "Other",
    "description": "غير متوفر",
    "price": "غير متوفر"
  },
  {
    "name": "Olimp Whey Protein Xplode Powder - 700 g",
    "category": "البروتين",
    "description": "غير متوفر",
    "price": "غير متوفر"
  },
  {
    "name": "Olimp Whey Protein Xplode Powder - 2250 g",
    "category": "البروتين",
    "description": "غير متوفر",
    "price": "غير متوفر"
  },
  {
    "name": "Olimp Thermo Speed Extreme Mega Caps - 120 Capsules",
    "category": "خسارة الوزن",
    "description": "غير متوفر",
    "price": "غير متوفر"
  },
  {
    "name": "100 % Casein Protein",
    "category": "البروتين",
    "description": "الوزن: 0.9 كجم",
    "price": "€37.99"
  },
  {
    "name": "Protein Peanut Butter",
    "category": "البروتين",
    "description": "غير متوفر",
    "price": "من €11.99"
  },
  {
    "name": "Power Protein 90",
    "category": "البروتين",
    "description": "الوزن: 0.5 كجم",
    "price": "€21.99"
  },
  {
    "name": "100 % Whey Protein",
    "category": "البروتين",
    "description": "الوزن: 2.3 كجم",
    "price": "من €39.99"
  },
  {
    "name": "Power Protein Bar",
    "category": "البروتين",
    "description": "الوزن: 0.035 كجم",
    "price": "من €1.09"
  },
  {
    "name": "Clear Iso Whey",
    "category": "البروتين",
    "description": "غير متوفر",
    "price": "غير متوفر"
  },
  {
    "name": "Power Weight Gainer",
    "category": "البروتين",
    "description": "غير متوفر",
    "price": "غير متوفر"
  },
  {
    "name": "Micronised Creatine Caps (Creapure®)",
    "category": "الكرياتين",
    "description": "الوزن: 0.279 كجم",
    "price": "€19.99"
  },
  {
    "name": "Creaz",
    "category": "الكرياتين",
    "description": "الوزن: 0.5 كجم",
    "price": "€19.99"
  },
  {
    "name": "Zinc Bisglycinate",
    "category": "الأحماض الأمينية",
    "description": "الوزن: 0.154 كجم",
    "price": "€19.99"
  },
  {
    "name": "Body Attack Hoodie",
    "category": "أخرى",
    "description": "غير متوفر",
    "price": "غير متوفر"
  },
  {
    "name": "Shaker Shakeone",
    "category": "أخرى",
    "description": "غير متوفر",
    "price": "غير متوفر"
  },
  {
    "name": "RED REX 100% BEEF PROTEIN ISOLATE",
    "description": "غير متوفر",
    "price": "$74.99 USD",
    "status": "Sold out"
  },
  {
    "name": "RED REX BCAA 5000MG",
    "description": "غير متوفر",
    "price": "$19.99 USD",
    "status": "Sold out"
  },
  {
    "name": "RED REX BEEF AMINOS TABLETS",
    "description": "غير متوفر",
    "price": "$24.99 USD",
    "status": "Sold out"
  },
  {
    "name": "RED REX BEEF MASS GAINER",
    "description": "غير متوفر",
    "price": "من $59.00 USD",
    "status": "Sold out"
  },
  {
    "name": "RED REX BIG WHEY",
    "description": "غير متوفر",
    "price": "$69.99 USD",
    "status": "Sold out"
  },
  {
    "name": "RED REX CLA+ L-CARNITINE",
    "description": "غير متوفر",
    "price": "$29.99 USD",
    "status": "Sold out"
  },
  {
    "name": "RED REX CREATINE 5000MG UNFLAVORED",
    "description": "غير متوفر",
    "price": "$24.99 USD",
    "status": "Sold out"
  },
  {
    "name": "RED REX STOMP PRE-WORKOUT",
    "description": "غير متوفر",
    "price": "$39.99 USD",
    "status": "Sold out"
  },
  {
    "name": "LEVRONE Wellness Series...",
    "category": "منتجات جديدة",
    "description": "غير متوفر",
    "price": "42.00 zł"
  },
  {
    "name": "LEVRONE Wellness EYE SHIELD...",
    "category": "منتجات جديدة",
    "description": "غير متوفر",
    "price": "45.00 zł"
  },
  {
    "name": "LEVRONE Shaker Uncrowned...",
    "category": "منتجات جديدة",
    "description": "غير متوفر",
    "price": "29.00 zł"
  },
  {
    "name": "Gold Advanced Hydration 270 g",
    "category": "منتجات جديدة",
    "description": "غير متوفر",
    "price": "54.00 zł"
  },
  {
    "name": "LEVRONE Wellness CoQ10...",
    "category": "منتجات جديدة",
    "description": "غير متوفر",
    "price": "74.00 zł"
  },
  {
    "name": "Anabolic Sleep Bombs 90...",
    "category": "منتجات جديدة",
    "description": "غير متوفر",
    "price": "49.00 zł"
  },
  {
    "name": "Levrolegendary Clear Whey...",
    "category": "منتجات جديدة",
    "description": "غير متوفر",
    "price": "79.00 zł"
  }
]
